default_event_id,instrument_id,product_type,default_date,default_balance,recovery_amount,collection_cost,collateral_proceeds,recovery_horizon_months,realized_lgd
DEF-00001,HIST-000001,Auto Loan,2024-08-11,15922.159708666157,11441.92609216542,277.7040727698459,7543.6828569984045,2,0.28138353706263997
DEF-00002,HIST-000002,Personal Loan,2024-11-12,63716.619761661364,33737.569224947074,582.3473507947821,0.0,14,0.4705059786418998
DEF-00003,HIST-000003,Auto Loan,2025-08-14,87850.05831504706,48792.60781440465,1534.2214087169273,33922.29097405768,9,0.44459219777151376
DEF-00004,HIST-000004,Personal Loan,2023-01-16,46845.75242415789,5208.3840760622425,299.46666386562237,0.0,7,0.8888184348304686
DEF-00005,HIST-000005,Personal Loan,2025-06-21,166520.66704382043,45329.409098874596,1818.8012692303305,0.0,21,0.7277850857578776
DEF-00006,HIST-000006,Equipment Lease,2024-01-11,464100.11224166787,405239.62754290196,23362.586178478487,267298.2642787779,23,0.12682712877284516
DEF-00007,HIST-000007,Revolving Credit Facility,2026-02-07,480139.6050023268,60785.54464154994,4778.310872845265,0.0,29,0.8734002694044467
DEF-00008,HIST-000008,Mortgage,2025-05-23,54805.84338401194,17432.598102662938,1213.8650194056934,10905.693801440551,25,0.6819208130688413
DEF-00009,HIST-000009,Auto Loan,2023-09-25,121965.07677968958,88038.7219848504,2122.0097279333563,74717.38015332744,11,0.2781645015984512
DEF-00010,HIST-000010,Commercial Term Loan,2023-01-01,391791.8944499762,372202.29972747737,4301.008907080063,113328.10786755913,13,0.05
DEF-00011,HIST-000011,Personal Loan,2025-04-30,79823.0909282148,13304.222429696807,456.6043892062561,0.0,25,0.833328648703151
DEF-00012,HIST-000012,Revolving Credit Facility,2023-02-15,1849763.986297528,905798.4915069345,67844.44637505876,0.0,10,0.5103167224484821
DEF-00013,HIST-000013,Equipment Lease,2024-09-14,674808.0040324149,425979.95877234126,31493.16950334065,236396.7771091049,5,0.3687390246902303
DEF-00014,HIST-000014,Auto Loan,2024-08-09,41425.230828041946,31455.781827895215,1824.157247627964,21461.65240747919,28,0.24066127818407035
DEF-00015,HIST-000015,Credit Card,2025-11-12,31340.903275479694,5455.277017137788,215.06651931678354,0.0,26,0.8259374667926098
DEF-00016,HIST-000016,Credit Card,2025-01-04,797861.8832913389,378263.5444421151,4966.038903398293,0.0,15,0.5259034773265483
DEF-00017,HIST-000017,Commercial Term Loan,2025-12-08,1011809.5631284508,714919.778348531,53003.32358879516,568240.5178947414,29,0.2934245688111066
DEF-00018,HIST-000018,Credit Card,2023-03-18,194989.5865306055,92130.68895766941,2240.690369198674,0.0,2,0.5275096963026351
DEF-00019,HIST-000019,Mortgage,2024-01-08,37032.35540058976,19623.13316498879,791.8951259477002,14834.050384159314,2,0.47010842403299363
DEF-00020,HIST-000020,Auto Loan,2023-09-28,32235.31943243416,27516.459792093454,600.3459676941936,18520.726901918035,27,0.14638786658315975
DEF-00021,HIST-000021,Personal Loan,2024-11-12,171884.30089155625,69956.23008860106,2867.398434150139,0.0,17,0.5930039583269606
DEF-00022,HIST-000022,Personal Loan,2024-10-03,104337.2585206665,23091.0791528776,1485.625825944499,0.0,3,0.7786880786377586
DEF-00023,HIST-000023,Revolving Credit Facility,2023-08-06,737919.4202300241,302842.6183933679,13778.999086856207,0.0,7,0.589599338232668
DEF-00024,HIST-000024,Commercial Term Loan,2023-02-07,1970196.0855559772,911967.1133669198,24947.074726537165,428555.3172148154,28,0.5371186045628711
DEF-00025,HIST-000025,Mortgage,2023-09-03,93430.8365327063,79841.75741548199,1650.0148032401364,58811.11812581219,23,0.14544533284219627
DEF-00026,HIST-000026,Credit Card,2023-01-16,99648.77924680106,54955.250234201485,2899.7151943365125,0.0,11,0.44851055226584063
DEF-00027,HIST-000027,Credit Card,2025-04-14,123922.89728866305,58323.66410874801,3705.058543339038,0.0,13,0.5293552250243936
DEF-00028,HIST-000028,Commercial Real Estate,2023-06-21,1822129.5909924863,1353969.0643573846,101179.92445066126,867448.4078967185,9,0.25693042303324964
DEF-00029,HIST-000029,Commercial Term Loan,2025-07-26,879445.7659714493,543608.9147804726,42579.353017782465,146626.31415939098,7,0.38187329359645755
DEF-00030,HIST-000030,Credit Card,2024-01-08,558931.8957746099,386935.69417861383,11091.269878634985,0.0,18,0.30772300327865665
DEF-00031,HIST-000031,Commercial Real Estate,2025-03-17,936936.580272126,678497.3159365461,13515.716183738557,289961.9335686944,23,0.27583431982185846
DEF-00032,HIST-000032,Credit Card,2023-08-04,600459.6142895347,12009.192285790705,716.2744074753983,0.0,27,0.98
DEF-00033,HIST-000033,Credit Card,2024-04-02,333725.8301399368,78396.99573796352,5168.743282936487,0.0,25,0.7650856222154265
DEF-00034,HIST-000034,Auto Loan,2024-12-24,49664.9421779076,28807.707438924786,1320.8173857759457,9558.640156773025,5,0.4199589051018913
DEF-00035,HIST-000035,Commercial Term Loan,2025-03-04,894426.5039425929,717232.8821159413,7262.142004551129,381282.9734345225,29,0.19810864396972797
DEF-00036,HIST-000036,Credit Card,2025-09-26,136053.97190569766,62367.48630883716,4846.434231070133,0.0,21,0.5415974599252009
DEF-00037,HIST-000037,Revolving Credit Facility,2025-11-19,2796254.0254989048,342822.72515535296,21121.279696118003,0.0,13,0.8773992913271937
DEF-00038,HIST-000038,Revolving Credit Facility,2024-08-02,1018223.2690917624,754638.5696185254,41084.88087126756,0.0,24,0.25886729116724067
DEF-00039,HIST-000039,Equipment Lease,2026-02-22,488143.5933951954,260581.60360195077,9088.76406699998,156147.9958000661,19,0.4661783804443236
DEF-00040,HIST-000040,Mortgage,2023-05-21,72454.45092361665,34656.32481192308,2658.8866626358704,8741.168429631234,21,0.5216812166797224
DEF-00041,HIST-000041,Credit Card,2023-03-25,103269.9803813949,59839.072084595064,4036.334422227437,0.0,20,0.4205569531087501
DEF-00042,HIST-000042,Revolving Credit Facility,2023-07-10,236226.43782842267,66781.28124095297,2631.322322450421,0.0,18,0.7172997152441594
DEF-00043,HIST-000043,Personal Loan,2026-03-02,36135.977659018274,20557.607412745932,1354.316875356739,0.0,16,0.43110415866621854
DEF-00044,HIST-000044,Auto Loan,2025-09-16,271723.5667454302,221263.247627385,9898.72648103467,78872.87369180947,16,0.18570461047024298
DEF-00045,HIST-000045,Equipment Lease,2025-08-17,1466588.8155742376,792155.3963296846,53992.124757104844,213920.10340461408,11,0.45986537745447137
DEF-00046,HIST-000046,Commercial Term Loan,2024-05-11,1419926.8192477012,579331.6423565255,22124.805049133818,178803.16881373228,23,0.5919989435346645
DEF-00047,HIST-000047,Commercial Term Loan,2024-06-19,351397.71527892,301296.77002415765,11538.721808319666,87790.48125393222,10,0.14257618384056664
DEF-00048,HIST-000048,Commercial Real Estate,2025-10-23,4704995.540028143,3966766.884308226,118616.27969431273,3226215.7969069667,22,0.15690315738652139
DEF-00049,HIST-000049,Revolving Credit Facility,2025-06-27,904577.5007796845,549701.7815075569,21915.216332221335,0.0,9,0.39231101698444726
DEF-00050,HIST-000050,Commercial Real Estate,2025-10-09,737304.2470925994,304470.3392713677,6776.46377272115,255477.82118162158,20,0.5870492534500094
DEF-00051,HIST-000051,Credit Card,2023-08-05,49453.085811205856,14959.375573871665,269.19459335656256,0.0,27,0.6975036981315748
DEF-00052,HIST-000052,Personal Loan,2025-08-13,53920.08800066672,23211.990351097236,1547.3015874669127,0.0,17,0.5695112672885434
DEF-00053,HIST-000053,Revolving Credit Facility,2026-01-07,1937076.4870572954,1182285.7687097108,30585.81469782131,0.0,15,0.38965457656977853
DEF-00054,HIST-000054,Commercial Term Loan,2023-05-03,508609.22694496776,305737.42867837165,12481.06564362707,91715.47151952589,22,0.3988755758230614
DEF-00055,HIST-000055,Commercial Term Loan,2026-02-16,6599490.818970913,6092225.197423309,208766.48664858405,4637943.92847845,22,0.07686435748791663
DEF-00056,HIST-000056,Auto Loan,2026-01-12,193950.70879666533,118550.17112360778,4769.633802736872,71027.31496725895,16,0.3887613411720306
DEF-00057,HIST-000057,Revolving Credit Facility,2023-09-12,747465.5929843881,477321.6420363977,11121.605746209727,0.0,5,0.3614132255498117
DEF-00058,HIST-000058,Commercial Term Loan,2025-07-19,508725.2543808986,423531.0081794846,21196.597731880996,213278.12438671387,11,0.16746612335000455
DEF-00059,HIST-000059,Revolving Credit Facility,2023-09-03,2901274.832030179,1687575.8224017762,53708.28539971018,0.0,15,0.41833300183392547
DEF-00060,HIST-000060,Credit Card,2023-05-12,62623.019349375194,23793.052991480326,1787.388117037411,0.0,23,0.6200589936627239
DEF-00061,HIST-000061,Personal Loan,2026-04-10,53884.41622366896,16350.812531983189,1015.8837377772513,0.0,14,0.6965576751520781
DEF-00062,HIST-000062,Credit Card,2024-02-24,79757.07560386919,30715.28354961977,730.2941194478144,0.0,13,0.6148895465754802
DEF-00063,HIST-000063,Mortgage,2024-10-26,196713.8387942719,106054.8835180222,3999.3457475750297,50049.281325015596,17,0.460867195881745
DEF-00064,HIST-000064,Commercial Term Loan,2026-02-18,632108.5933168964,95421.83999450046,2684.8054137730937,34891.05714906924,11,0.8490420142941129
DEF-00065,HIST-000065,Equipment Lease,2025-08-10,1491976.7422400434,1152347.8671233426,87159.81448381237,798500.3664818893,27,0.22763684278803453
DEF-00066,HIST-000066,Commercial Term Loan,2024-06-21,2110078.315909969,1112844.6268870474,16972.354166672998,622811.1068596389,24,0.4726050599656846
DEF-00067,HIST-000067,Commercial Term Loan,2023-08-04,804988.6523168318,444051.7043214535,32189.289736889306,268775.57675280236,15,0.44837520001874354
DEF-00068,HIST-000068,Auto Loan,2024-08-01,114706.66990314933,104876.04105455798,4097.050001853368,52064.770074737055,11,0.08570232975023753
DEF-00069,HIST-000069,Credit Card,2025-02-20,143378.30818985467,27320.06985079021,982.6677761966042,0.0,26,0.8094546504579041
DEF-00070,HIST-000070,Credit Card,2023-12-18,92232.11754578097,34319.10140859183,1679.998737442301,0.0,7,0.6279050907450221
DEF-00071,HIST-000071,Commercial Term Loan,2023-10-31,1036359.4402249766,748911.5712570817,56973.392337914986,395413.6492403666,14,0.2773631018457213
DEF-00072,HIST-000072,Mortgage,2025-02-07,108032.94519939045,83163.86033425292,1437.344070343656,66465.46367378053,5,0.23019908250430485
DEF-00073,HIST-000073,Equipment Lease,2026-02-09,835047.0199121553,762561.9683676994,32223.19534457815,522549.4277375461,27,0.08680355694471088
DEF-00074,HIST-000074,Auto Loan,2023-09-13,43540.14765593113,13130.388128425704,908.7533734929916,6230.321828882325,16,0.6984303261397632
DEF-00075,HIST-000075,Commercial Term Loan,2025-06-25,5049437.842266167,3326386.0444696234,151312.11305704823,1753222.4742541062,22,0.3412363616745196
DEF-00076,HIST-000076,Mortgage,2024-08-01,77777.11950239156,32571.309791454343,2599.94921222609,13996.52494796487,12,0.5812224726263768
DEF-00077,HIST-000077,Mortgage,2023-02-15,188254.3452974358,110936.85231849832,8671.893596998167,61610.757988134545,5,0.41070761398244665
DEF-00078,HIST-000078,Personal Loan,2025-03-15,68904.24472761412,27863.63109494626,1626.3825923479283,0.0,16,0.5956180754161926
DEF-00079,HIST-000079,Equipment Lease,2023-09-01,332886.3520697998,105392.99199469875,5724.002399300186,81073.03649132149,24,0.6833964764869667
DEF-00080,HIST-000080,Revolving Credit Facility,2023-01-22,376061.7464750929,79032.90743078446,4860.332055436049,0.0,15,0.7898406094967734
DEF-00081,HIST-000081,Personal Loan,2023-05-30,280641.74297610036,203171.8178577018,13203.617124928238,0.0,7,0.276045624207073
DEF-00082,HIST-000082,Revolving Credit Facility,2025-11-06,3980719.8760976023,2581485.5668184347,136075.99957793328,0.0,28,0.35150283185735515
DEF-00083,HIST-000083,Personal Loan,2025-11-23,84628.02036483721,42857.67274784426,922.1236895242454,0.0,29,0.49357585628162054
DEF-00084,HIST-000084,Commercial Real Estate,2023-03-09,1564969.4246918631,1179231.917011761,22987.55873989678,828553.3620221696,18,0.24648245620265224
DEF-00085,HIST-000085,Personal Loan,2024-08-31,26806.63944409017,6561.617824068786,319.1001201981979,0.0,28,0.7552241549055725
DEF-00086,HIST-000086,Commercial Term Loan,2025-03-06,463118.4474684314,387028.638386932,21545.61189693139,177350.76846413143,16,0.16429880843104616
DEF-00087,HIST-000087,Commercial Term Loan,2025-03-29,912631.891361162,560094.2924480484,43895.961242520825,290131.48442265944,4,0.38628674085376835
DEF-00088,HIST-000088,Auto Loan,2024-08-13,128703.68337635105,111539.85276367624,5279.941474173869,44228.88915394307,25,0.13335928049926046
DEF-00089,HIST-000089,Commercial Real Estate,2025-05-28,130378.80300051604,95460.89546377133,3906.951599521576,29425.136452877698,6,0.2678188994924772
DEF-00090,HIST-000090,Credit Card,2025-03-18,159757.12545509322,79279.21315851992,5076.379267846217,0.0,16,0.5037516296523197
DEF-00091,HIST-000091,Commercial Real Estate,2024-09-08,3068845.5524654645,2181396.5917702722,126407.92172542278,1206370.1061787377,21,0.28918006642016536
DEF-00092,HIST-000092,Revolving Credit Facility,2025-10-10,228251.93344857916,115851.10369878414,7085.666297274873,0.0,11,0.49244196117671357
DEF-00093,HIST-000093,Equipment Lease,2023-01-25,157813.19181621948,101187.11996057605,3718.324908494955,45739.72475204975,22,0.3588171001673106
DEF-00094,HIST-000094,Mortgage,2023-09-26,134294.83533658658,104193.80885615393,2400.240540125327,33150.415329759526,25,0.22414135588304393
DEF-00095,HIST-000095,Credit Card,2023-05-30,48646.90698487886,21509.731749792165,1133.989927881263,0.0,22,0.5578396843096698
DEF-00096,HIST-000096,Equipment Lease,2025-11-22,322600.435182521,193674.90442815996,9400.585358380355,135738.1680011263,27,0.39964462751396324
DEF-00097,HIST-000097,Credit Card,2025-09-22,25888.179481826246,16300.128451595116,1036.0767170402005,0.0,2,0.37036405116713733
DEF-00098,HIST-000098,Equipment Lease,2025-12-01,1662237.461477845,527917.4824202667,18821.122736804264,192249.1504547446,24,0.6824054958123064
DEF-00099,HIST-000099,Equipment Lease,2025-07-24,1619592.6433111625,697865.6699668644,31827.61657732783,180903.92563361244,3,0.5691103730008807
DEF-00100,HIST-000100,Personal Loan,2023-06-02,410221.23813208553,207346.99462106804,8213.45249065484,0.0,5,0.494548367204954
DEF-00101,HIST-000101,Credit Card,2024-10-06,107724.33452486142,75315.2398309592,5892.9578304899305,0.0,10,0.30085212256681537
DEF-00102,HIST-000102,Mortgage,2024-09-17,46848.35426818245,30422.947762316162,1935.0478305214817,21753.886072711506,22,0.3506079725200032
DEF-00103,HIST-000103,Equipment Lease,2025-07-23,173431.40783305708,97771.61612260276,3039.321438453266,38203.626541312166,21,0.43625196067879185
DEF-00104,HIST-000104,Mortgage,2024-04-06,54989.238300492965,18840.83232045853,464.46593498280885,11223.493064700553,8,0.6573723713447105
DEF-00105,HIST-000105,Revolving Credit Facility,2025-11-23,98929.09846094943,67012.92527734247,5114.7891873313665,0.0,17,0.32261663838173277
DEF-00106,HIST-000106,Revolving Credit Facility,2023-11-17,1426456.0947402094,285928.0440350627,5002.116795704067,0.0,10,0.7995535613823874
DEF-00107,HIST-000107,Auto Loan,2023-10-23,33427.649761823115,29936.639086207935,2014.3575195638298,8983.823384762232,28,0.10443482268389014
DEF-00108,HIST-000108,Equipment Lease,2025-09-09,576304.7965799948,455255.4703225828,29775.99403256078,268895.3445955455,29,0.210043933307103
DEF-00109,HIST-000109,Mortgage,2023-03-30,79623.4545004132,40075.90083545814,3120.7592317309422,10986.526881984575,15,0.49668221396686363
DEF-00110,HIST-000110,Equipment Lease,2024-01-30,2527036.8937924663,2039778.4773738824,79309.00590625897,1554224.1706369265,15,0.19281808572542353
DEF-00111,HIST-000111,Commercial Term Loan,2025-03-24,1124378.9705603062,1004287.8423055108,17742.787642522955,634799.1060190108,22,0.10680662961434709
DEF-00112,HIST-000112,Commercial Real Estate,2025-07-04,2236658.6654785043,1301156.4402398153,31821.92870115567,326192.2049343623,5,0.4182588249506325
DEF-00113,HIST-000113,Commercial Term Loan,2023-10-25,292795.4180909502,108431.35089625543,4444.123680871577,48836.02803414921,15,0.6296685528645338
DEF-00114,HIST-000114,Mortgage,2025-06-27,479061.9650176138,348040.7830991565,25223.16909296206,209782.47286994001,23,0.27349527093773757
DEF-00115,HIST-000115,Credit Card,2025-01-01,155075.03255787506,3101.500651157504,82.2932702591842,0.0,16,0.98
DEF-00116,HIST-000116,Commercial Real Estate,2024-11-19,1140704.1346032887,850535.0779804381,18828.181087871453,246934.46009331054,19,0.2543771411188625
DEF-00117,HIST-000117,Revolving Credit Facility,2024-04-29,6685194.430326132,3741773.6372934408,288084.00892567873,0.0,11,0.44028948203516927
DEF-00118,HIST-000118,Personal Loan,2023-09-06,96966.08125103122,25099.921269916456,1048.641802511056,0.0,6,0.7411474100419055
DEF-00119,HIST-000119,Credit Card,2025-04-13,99711.43104480281,25902.87601192294,402.0037747882798,0.0,26,0.7402216000662538
DEF-00120,HIST-000120,Commercial Term Loan,2024-07-04,182759.03428046175,100182.82595890487,5474.565667572262,27010.516392307476,17,0.4518310607553089
DEF-00121,HIST-000121,Commercial Real Estate,2023-03-08,642873.3469347149,505873.40579707775,23651.843597097268,246950.45646444077,2,0.21310564793340206
DEF-00122,HIST-000122,Mortgage,2023-03-02,17597.131985849188,10694.521871125273,619.8711024952277,4435.3215857864825,2,0.39225767700524605
DEF-00123,HIST-000123,Auto Loan,2023-08-29,20034.75063943115,8530.968074791845,244.45125620149344,3541.1126001289554,9,0.5741914522259277
DEF-00124,HIST-000124,Mortgage,2026-03-16,119056.90404717697,82718.1248014492,3378.709901274809,66505.92844338393,17,0.30522194018524385
DEF-00125,HIST-000125,Commercial Term Loan,2024-11-10,120697.13113991191,49852.142928662375,1125.346025132802,39350.1614904174,12,0.5869649720930495
DEF-00126,HIST-000126,Credit Card,2026-03-09,40205.1725640722,16522.914136950127,182.41474649682223,0.0,16,0.5890351145584887
DEF-00127,HIST-000127,Personal Loan,2024-06-30,28615.640182417712,20191.47613038226,352.18380690838546,0.0,29,0.2943902005453473
DEF-00128,HIST-000128,Mortgage,2024-06-16,40206.034949284505,21498.09656709991,445.562764407473,6420.635915294832,14,0.465301748998194
DEF-00129,HIST-000129,Auto Loan,2023-07-26,296636.6938793589,86003.28648147467,5246.688727276555,68743.0075775762,18,0.7100719895548326
DEF-00130,HIST-000130,Revolving Credit Facility,2023-03-07,1732376.7723129545,605230.7206772222,34223.17774604046,0.0,16,0.6506356294138265
DEF-00131,HIST-000131,Personal Loan,2026-01-05,352055.8488862627,52517.101692588316,1668.9920385010053,0.0,2,0.8508273563449451
DEF-00132,HIST-000132,Personal Loan,2024-05-15,23491.46036799696,7516.240814409619,377.32885650128924,0.0,5,0.680043696872537
DEF-00133,HIST-000133,Revolving Credit Facility,2025-10-16,519812.5735021441,155908.65064918756,1691.158197711929,0.0,22,0.7000675655096587
DEF-00134,HIST-000134,Auto Loan,2023-07-29,506013.868831787,122029.22711478418,6272.018321633511,57951.93226826821,2,0.7588421293738293
DEF-00135,HIST-000135,Auto Loan,2025-03-11,53934.87744887406,25369.98996650147,1062.6695282589162,19289.35894601164,22,0.5296181030438015
DEF-00136,HIST-000136,Commercial Real Estate,2023-04-21,609112.8722608958,181513.57344107676,6498.238634804491,56216.59826103499,7,0.7020033860598981
DEF-00137,HIST-000137,Auto Loan,2024-07-18,87812.15426862291,50961.94121447114,1501.3379155920616,28689.429170311785,7,0.419648206573143
DEF-00138,HIST-000138,Revolving Credit Facility,2023-01-08,586331.7932247195,200011.891449887,14828.541581975309,0.0,14,0.6588759235622248
DEF-00139,HIST-000139,Mortgage,2023-10-13,45180.45147322455,29188.748327710655,1945.259862757268,16140.97379532372,24,0.3539518226149447
DEF-00140,HIST-000140,Commercial Real Estate,2023-03-23,2856951.228637097,1560031.0427126156,108427.34921734869,635261.9932774327,28,0.4539525116580918
DEF-00141,HIST-000141,Equipment Lease,2023-09-18,1107826.7373793612,584033.1694912774,17049.389272487828,190632.26408566372,29,0.4728118127272797
DEF-00142,HIST-000142,Personal Loan,2023-01-17,73794.2852861219,4770.205773910256,167.29560983732287,0.0,20,0.9353580598360052
DEF-00143,HIST-000143,Auto Loan,2023-08-26,378292.25959749456,238382.9715306364,8377.302701165157,166340.44498131785,16,0.3698444377786702
DEF-00144,HIST-000144,Auto Loan,2024-10-09,551164.4926247735,412357.9036047787,4948.502556020757,263134.30417050805,25,0.25184240073043457
DEF-00145,HIST-000145,Commercial Term Loan,2025-05-27,1242474.5698056214,495662.85140772903,16385.198649731126,161845.04672182578,2,0.6010680110054302
DEF-00146,HIST-000146,Credit Card,2023-04-21,23216.759394641256,9067.377578797377,358.0868341608486,0.0,3,0.609446890297263
DEF-00147,HIST-000147,Revolving Credit Facility,2024-08-19,1548644.2491431097,722347.043598302,21965.867424385087,0.0,6,0.5335616659552453
DEF-00148,HIST-000148,Mortgage,2023-12-21,194920.0308032165,125087.37573599111,4752.583848086668,42838.8926084454,11,0.3582631029733709
DEF-00149,HIST-000149,Credit Card,2025-04-24,141979.05535076038,33627.91868842369,2144.1403672043994,0.0,28,0.7631487362319347
DEF-00150,HIST-000150,Personal Loan,2025-12-18,95089.35532255725,72083.10625225598,4248.647549377607,0.0,23,0.24194347508467848
DEF-00151,HIST-000151,Auto Loan,2024-04-05,39661.457386343616,12500.814668206502,197.5061198155467,5828.822417408373,25,0.6848120192247189
DEF-00152,HIST-000152,Credit Card,2025-11-29,107815.7139660841,47724.13862408176,1146.776220626817,0.0,29,0.5573545184786841
DEF-00153,HIST-000153,Commercial Real Estate,2024-12-06,648852.5678174116,238081.82567551333,10925.072725145308,112875.19288455568,24,0.6330725383789958
DEF-00154,HIST-000154,Revolving Credit Facility,2023-03-26,2106967.6990588587,1053034.7270410203,53703.28290736212,0.0,26,0.5002131605950151
DEF-00155,HIST-000155,Commercial Real Estate,2024-09-10,182951.41298038658,143441.23418916305,5679.979792786653,71804.61885689807,4,0.21595995432655807
DEF-00156,HIST-000156,Commercial Real Estate,2024-05-02,1177263.9120740031,955049.6014459195,39943.30340212445,363023.851699857,11,0.18875488184854436
DEF-00157,HIST-000157,Commercial Real Estate,2024-11-23,534912.0219245928,361428.7862747616,4835.632228894311,154410.63438062766,11,0.32432106316407927
DEF-00158,HIST-000158,Commercial Term Loan,2026-02-03,1354055.274441923,562104.0429433703,10411.33742960998,145737.64849161304,20,0.5848736358454475
DEF-00159,HIST-000159,Revolving Credit Facility,2024-04-30,703882.7248591244,223160.5632815168,15817.927009323574,0.0,3,0.6829577493520951
DEF-00160,HIST-000160,Personal Loan,2023-12-17,130559.61805621041,92860.8561267652,6737.916284115642,0.0,8,0.2887474893899782
DEF-00161,HIST-000161,Mortgage,2024-09-13,153452.6732388247,84715.33876996308,5291.993919387253,66131.68849539207,20,0.4479383318522115
DEF-00162,HIST-000162,Revolving Credit Facility,2023-08-07,1053525.4522255983,206116.4771155619,15326.210664324502,0.0,25,0.8043554840747931
DEF-00163,HIST-000163,Mortgage,2024-06-09,67467.44439712934,41021.270985092204,1117.9288000317729,13952.345541389388,23,0.39198421769718594
DEF-00164,HIST-000164,Revolving Credit Facility,2023-11-12,569945.5399675898,198612.06523738932,14446.159646488448,0.0,29,0.6515244855698257
DEF-00165,HIST-000165,Credit Card,2025-02-18,83392.75595496439,62368.65102381756,4022.7225068763005,0.0,26,0.25210948709382786
DEF-00166,HIST-000166,Commercial Real Estate,2023-08-11,2175841.789662109,463083.41706688824,19699.895018077234,166758.41406847397,25,0.7871704554682712
DEF-00167,HIST-000167,Equipment Lease,2023-03-18,709027.3953819079,388381.15344547736,9639.355138089853,310056.194654374,12,0.4522339249863806
DEF-00168,HIST-000168,Equipment Lease,2024-11-11,757039.5866113508,632611.836359358,45782.93979800032,386839.2267054621,19,0.1643609560881148
DEF-00169,HIST-000169,Auto Loan,2026-04-08,961826.0286519472,913734.7272193497,58417.50415544426,233181.7209412238,8,0.05
DEF-00170,HIST-000170,Equipment Lease,2026-02-16,1385953.6084887946,695592.6317929082,21488.293237990307,255674.5161262033,2,0.4981126153628165
DEF-00171,HIST-000171,Mortgage,2026-01-07,62881.548451646,38708.379926758906,922.8773264218765,22547.41314229598,23,0.3844238750493799
DEF-00172,HIST-000172,Commercial Term Loan,2023-01-26,430793.2330120951,260457.51462230986,15297.631124469324,176971.07455960408,5,0.3954001719079994
DEF-00173,HIST-000173,Personal Loan,2026-01-08,30184.88926169417,17070.962748524456,396.8137420371731,0.0,23,0.4344533584163852
DEF-00174,HIST-000174,Credit Card,2024-04-05,65950.5339545474,17407.852665028295,957.427247365987,0.0,9,0.7360468275052079
DEF-00175,HIST-000175,Auto Loan,2026-03-26,89809.97544156646,62931.72738494391,3690.2897317260936,27380.762936835465,14,0.2992790937139326
DEF-00176,HIST-000176,Credit Card,2023-01-21,64308.64615372033,44898.11742522486,2635.7295598241035,0.0,24,0.3018338884338735
DEF-00177,HIST-000177,Commercial Real Estate,2024-05-07,2174425.7363869403,1890068.3007318724,58276.850103959594,507004.96180540876,15,0.1307735789255147
DEF-00178,HIST-000178,Commercial Real Estate,2024-05-04,402936.82731456443,297521.65084488824,14519.689668610516,159003.92174197227,29,0.2616171303383515
DEF-00179,HIST-000179,Credit Card,2024-09-16,242722.4681099987,113602.53218196485,4763.545748300281,0.0,5,0.5319653220958447
DEF-00180,HIST-000180,Commercial Real Estate,2024-05-15,1316117.3620153822,1168923.039321704,53905.16936703196,818831.8381275245,29,0.11183981530969096
DEF-00181,HIST-000181,Auto Loan,2024-02-21,37734.56459263475,21911.039195323923,901.1251836100348,10685.577967626139,17,0.4193376965690324
DEF-00182,HIST-000182,Commercial Real Estate,2024-11-22,1101181.770530847,382201.05427035183,23660.11690178684,207831.3527869153,19,0.652917379765464
DEF-00183,HIST-000183,Mortgage,2023-07-24,33306.88145147288,6793.355500333817,328.59568872220666,3199.2222192950185,16,0.7960374792148724
DEF-00184,HIST-000184,Equipment Lease,2024-09-22,759815.0520113326,582173.2640548456,30872.916530354025,472953.3541835852,28,0.23379608956975162
DEF-00185,HIST-000185,Commercial Term Loan,2023-02-28,2002038.9457454733,806544.3507015359,59563.243485644634,374466.7927743438,16,0.5971385309883602
DEF-00186,HIST-000186,Commercial Term Loan,2024-08-11,332498.3921483344,198387.65261774274,12902.542205491947,56166.19931090194,27,0.40334252043769914
DEF-00187,HIST-000187,Revolving Credit Facility,2023-05-07,2306703.9166896814,1227428.5770794281,95377.83242163112,0.0,21,0.4678863775282899
DEF-00188,HIST-000188,Commercial Term Loan,2023-05-03,407599.3828653367,298815.003048504,23305.617510297725,112667.55987649958,29,0.2668904428954278
DEF-00189,HIST-000189,Commercial Real Estate,2025-07-04,1874227.9337787968,1214159.84000246,64432.65253104825,325832.87507808115,20,0.35218133391359463
DEF-00190,HIST-000190,Mortgage,2024-10-28,158998.6873454296,20015.34639245862,979.8063689853249,11369.797751441763,24,0.8741162790295579
DEF-00191,HIST-000191,Commercial Term Loan,2024-05-15,936102.7235307652,576799.543375165,15388.870239537808,401965.59599928895,17,0.3838287947719998
DEF-00192,HIST-000192,Personal Loan,2023-03-18,641735.6799518887,136342.80263649268,4079.658977658899,0.0,13,0.7875405608634471
DEF-00193,HIST-000193,Revolving Credit Facility,2023-05-01,1017395.0827845122,561311.6118112652,8417.30888279731,0.0,22,0.44828550745988516
DEF-00194,HIST-000194,Commercial Real Estate,2025-10-13,1368704.4689381924,531912.105297826,11470.656280544541,393076.74229411833,7,0.6113754887419411
DEF-00195,HIST-000195,Auto Loan,2024-04-30,141801.4223339588,89633.89332954207,5290.319870495408,52946.71259945431,19,0.3678914368119393
DEF-00196,HIST-000196,Commercial Term Loan,2024-12-05,441914.27232481685,297704.31208537973,13147.841593376585,126403.65315361386,8,0.32633017141713755
DEF-00197,HIST-000197,Mortgage,2023-09-27,97540.53494222116,60256.13008599121,4204.584347899857,50557.39353704462,23,0.38224523659128623
DEF-00198,HIST-000198,Mortgage,2024-07-11,21195.65800326094,9388.483195668941,425.0847282668787,6785.917873921549,23,0.5570562992559831
DEF-00199,HIST-000199,Revolving Credit Facility,2023-04-28,3906055.21424581,295427.3478628359,14337.485702405047,0.0,18,0.9243668274873893
DEF-00200,HIST-000200,Auto Loan,2025-03-23,208680.9083367137,133520.78225216077,9416.593028610363,94052.27448002587,12,0.36016771578969514
DEF-00201,HIST-000201,Auto Loan,2023-01-13,70196.00044173407,34048.840353964704,2127.6526893707132,18585.0805969562,17,0.5149461487876817
DEF-00202,HIST-000202,Credit Card,2023-09-23,56946.29707563855,28372.31603560567,1224.4258119634223,0.0,21,0.5017706595053876
DEF-00203,HIST-000203,Personal Loan,2024-12-03,39200.8910916877,22656.641441366417,562.1068730330189,0.0,19,0.4220375912278531
DEF-00204,HIST-000204,Personal Loan,2023-05-23,20898.086891550378,5649.877058200753,58.79184108377174,0.0,13,0.7296462069700198
DEF-00205,HIST-000205,Commercial Real Estate,2024-10-13,2004910.758878283,1147498.5093077084,38837.51312056332,928910.4341794678,22,0.4276560668716665
DEF-00206,HIST-000206,Credit Card,2023-07-31,195041.97774176096,36816.70642942433,2682.622998736141,0.0,14,0.8112370123821739
DEF-00207,HIST-000207,Auto Loan,2024-02-13,13996.341275566045,11162.036751468275,514.3686852197028,4038.5969520188783,12,0.20250324483339974
DEF-00208,HIST-000208,Personal Loan,2023-04-03,105063.83492929472,28374.40603541613,827.2467074807207,0.0,2,0.7299317500212001
DEF-00209,HIST-000209,Commercial Real Estate,2023-03-04,374991.6187864383,194099.85180843488,14618.534521184198,68092.64527979,20,0.4823888266180776
DEF-00210,HIST-000210,Mortgage,2025-08-16,218406.53992593527,172741.7199909086,4497.207080631665,61815.40297966567,21,0.20908174247214506
DEF-00211,HIST-000211,Commercial Real Estate,2026-03-21,351992.14771055104,289279.2661132077,18275.366075376493,180058.80743100843,22,0.17816556990047738
DEF-00212,HIST-000212,Credit Card,2023-06-15,129469.11601273331,2978.608620934033,60.17371678458128,0.0,21,0.9769936745328431
DEF-00213,HIST-000213,Auto Loan,2024-07-03,49293.091069186805,38334.79761552488,1121.6784123140812,23102.90273613558,7,0.22230891218164994
DEF-00214,HIST-000214,Personal Loan,2024-11-03,86515.9012106162,41215.10950799126,2675.7852992284656,0.0,24,0.5236123194549369
DEF-00215,HIST-000215,Personal Loan,2025-05-04,102901.53133383096,66649.39724108604,1950.7703336308052,0.0,16,0.3522992672979425
DEF-00216,HIST-000216,Auto Loan,2025-05-13,134185.77776510638,70787.78848404463,3515.726617899699,44811.26891478476,29,0.4724642979082373
DEF-00217,HIST-000217,Personal Loan,2025-07-09,74626.02078570858,36809.374032625485,2325.125301145751,0.0,23,0.506748803633454
DEF-00218,HIST-000218,Commercial Real Estate,2026-01-12,149284.74311144612,132637.2585072865,6496.659453041513,48953.48378434961,24,0.11151497639468574
DEF-00219,HIST-000219,Commercial Term Loan,2025-04-09,930986.8483494531,774379.8204270175,27788.06078160495,432643.9267057998,6,0.16821615493289108
DEF-00220,HIST-000220,Credit Card,2025-07-12,110171.783678778,77767.5849444704,1906.4946649504168,0.0,22,0.2941242998187883
DEF-00221,HIST-000221,Mortgage,2023-09-16,177793.8540808714,134815.59840476443,7244.139115125659,73853.50063027522,28,0.2417308286514665
DEF-00222,HIST-000222,Mortgage,2023-07-06,49864.07601577303,18445.402925955346,1141.263739735653,13629.5029713879,28,0.6300863387076362
DEF-00223,HIST-000223,Commercial Real Estate,2023-02-15,490892.49752205255,437294.2523192688,32546.512910790854,226090.71747459876,29,0.1091853012081855
DEF-00224,HIST-000224,Credit Card,2025-01-17,19912.835144714652,6080.919252830857,227.00621363859565,0.0,29,0.6946231308280137
DEF-00225,HIST-000225,Equipment Lease,2025-04-10,667081.1875307721,576117.7235733494,44421.26022597617,189737.12381790899,13,0.1363604095839183
DEF-00226,HIST-000226,Equipment Lease,2024-03-31,1028343.2159810333,703633.7461213927,49520.666630380074,501587.66697603586,27,0.3157598210533919
DEF-00227,HIST-000227,Equipment Lease,2024-03-04,580873.703362175,172915.99758002092,13599.78147729515,110812.66526811109,8,0.7023173943334672
DEF-00228,HIST-000228,Revolving Credit Facility,2025-02-08,1448294.0750482387,237686.97545118222,6915.581829522779,0.0,12,0.8358848665156173
DEF-00229,HIST-000229,Mortgage,2023-11-13,540008.49417443,230992.81461983404,10505.560244747498,113602.74609756382,28,0.5722422570908297
DEF-00230,HIST-000230,Personal Loan,2026-03-28,177175.25648931254,91034.18415929218,6842.301537823362,0.0,14,0.48619132285673594
DEF-00231,HIST-000231,Auto Loan,2024-05-25,58877.972243915414,37036.220707072694,1386.8322293388546,15761.787955372141,23,0.37096643624814873
DEF-00232,HIST-000232,Commercial Term Loan,2023-01-06,512321.5618157043,295193.8586267992,17278.086339292993,213835.68749012734,9,0.42381137038111166
DEF-00233,HIST-000233,Credit Card,2024-06-03,36322.788979544464,5123.204603153615,185.83266728886656,0.0,4,0.8589534353752737
DEF-00234,HIST-000234,Commercial Term Loan,2023-09-11,2452526.895566256,1644481.5838044921,50911.37206305072,771018.654794213,27,0.32947459749475927
DEF-00235,HIST-000235,Personal Loan,2025-08-17,116382.40300940294,20325.135904942174,573.6845646606944,0.0,21,0.8253590286901016
DEF-00236,HIST-000236,Revolving Credit Facility,2023-09-23,1436467.167486927,623957.2523225902,34233.58769445184,0.0,15,0.5656306900392356
DEF-00237,HIST-000237,Personal Loan,2024-08-01,62372.10378352017,42453.80124000136,2881.6273953000577,0.0,3,0.319346331697434
DEF-00238,HIST-000238,Credit Card,2023-06-23,188793.65735167943,117533.96671251187,6885.019403888905,0.0,13,0.37744748228711433
DEF-00239,HIST-000239,Equipment Lease,2025-09-27,2270257.0424205414,1329362.6257072568,78061.40982268556,1039703.4848230536,22,0.41444400309407503
DEF-00240,HIST-000240,Commercial Real Estate,2025-09-27,988322.0657226201,613864.3523186761,18049.89939204211,514363.57715890487,29,0.3788822757186506
DEF-00241,HIST-000241,Commercial Real Estate,2026-02-01,157330.36047643787,121532.24956862647,4556.030318373321,36572.01068125419,10,0.2275346652699788
DEF-00242,HIST-000242,Auto Loan,2024-12-04,42674.20378709303,25366.27787745351,997.4069817388886,6600.928303801364,22,0.4055828667827275
DEF-00243,HIST-000243,Equipment Lease,2025-08-23,3836152.211956398,1317212.5601233551,82066.73366794868,498717.5612513952,22,0.6566318312349785
DEF-00244,HIST-000244,Mortgage,2025-01-29,71682.34101457283,31679.028958465162,766.8107313855058,8377.084301214243,9,0.5580636944875321
DEF-00245,HIST-000245,Commercial Real Estate,2023-10-31,93192.81662059831,26885.82224576157,1840.4421592922604,7601.97316977428,19,0.7115032765323779
DEF-00246,HIST-000246,Commercial Term Loan,2023-11-26,1069169.8634282514,1008827.2900208982,21846.96430189136,537923.74108536,4,0.05643871518587981
DEF-00247,HIST-000247,Commercial Real Estate,2023-04-18,1786948.2489411838,918143.8242013663,11397.122847717106,686869.9493848134,28,0.486194508013653
DEF-00248,HIST-000248,Commercial Term Loan,2023-09-08,1286422.9641793903,1060637.0891528304,23138.540630899155,455949.22943623003,17,0.17551449353252868
DEF-00249,HIST-000249,Equipment Lease,2024-05-06,10956464.656950446,1636209.7315070154,37464.999227807115,989757.0616522834,21,0.8506626194911281
DEF-00250,HIST-000250,Personal Loan,2025-01-04,75879.39417677099,37093.70689956336,644.8491303992835,0.0,17,0.5111491426361587
DEF-00251,HIST-000251,Commercial Term Loan,2024-12-09,154215.4899113234,126260.16321481332,2150.911460265369,85150.57482138117,15,0.1812744408008877
DEF-00252,HIST-000252,Auto Loan,2025-05-05,55488.55937940332,44653.01002722735,1362.563506838614,17591.760189137254,12,0.19527537700317363
DEF-00253,HIST-000253,Equipment Lease,2025-09-22,1790689.5492605956,881627.191450002,66806.00855336324,481291.3405350421,24,0.5076605032882221
DEF-00254,HIST-000254,Commercial Term Loan,2023-09-28,1790459.1941318717,1256443.944855167,48335.44617149421,349094.5316747037,11,0.2982560289711763
DEF-00255,HIST-000255,Personal Loan,2023-05-10,113653.44556661851,47807.55727507536,2300.6420925890557,0.0,26,0.5793567274909168
DEF-00256,HIST-000256,Credit Card,2024-07-31,147144.09392490695,90263.60771039341,1242.3155852105467,0.0,23,0.38656316198149115
DEF-00257,HIST-000257,Auto Loan,2025-03-06,64381.04939016663,13707.436740888246,332.67322290334744,3791.044464307031,13,0.787088951318307
DEF-00258,HIST-000258,Mortgage,2024-07-16,46285.9369946776,12138.286598328934,123.72153942446276,5506.3039356376385,16,0.7377543291448392
DEF-00259,HIST-000259,Personal Loan,2024-08-10,328477.55319359497,103780.711324971,6653.168247368147,0.0,25,0.6840553933869395
DEF-00260,HIST-000260,Mortgage,2025-09-18,75443.3394944456,65560.99000664306,4336.423734673294,26901.145239559653,10,0.13099035056010633
DEF-00261,HIST-000261,Commercial Term Loan,2024-12-14,346038.4103606894,328179.5269033815,23821.28194976293,268833.4443204338,10,0.05160954079835491
DEF-00262,HIST-000262,Commercial Term Loan,2024-05-13,436303.6892815108,248770.92254990566,11140.328085749417,100936.51706870699,19,0.42982163877740137
DEF-00263,HIST-000263,Credit Card,2025-11-13,31240.141966813928,18037.53489276381,1072.5998051838133,0.0,15,0.42261674380593733
DEF-00264,HIST-000264,Equipment Lease,2026-01-23,3206697.318398885,1705729.500183469,117003.90337473324,551540.8991639687,7,0.4680728079957525
DEF-00265,HIST-000265,Commercial Term Loan,2025-03-15,400214.54617761617,285514.2582029468,21363.834133379307,223265.79073289878,23,0.28659699920993154
DEF-00266,HIST-000266,Commercial Term Loan,2026-04-05,5467938.558354188,2035203.7217953,159909.35889398982,1189596.493080442,13,0.6277932350417846
DEF-00267,HIST-000267,Credit Card,2025-10-14,104489.20550667017,56256.58423825448,927.0252126667083,0.0,14,0.461603866490656
DEF-00268,HIST-000268,Revolving Credit Facility,2024-05-31,334186.79181554774,171058.11720351558,11762.351529796559,0.0,4,0.4881362118646209
DEF-00269,HIST-000269,Credit Card,2025-11-18,485561.5512155621,65759.47039882296,3370.327758402849,0.0,10,0.864570268724532
DEF-00270,HIST-000270,Revolving Credit Facility,2024-04-15,747290.2436771215,269696.62805068743,13519.425644845416,0.0,23,0.6391005632247835
DEF-00271,HIST-000271,Commercial Term Loan,2023-12-16,2060256.832686784,1690170.5298651797,111818.60388232111,1057075.8144090753,6,0.17963114935479876
DEF-00272,HIST-000272,Commercial Term Loan,2025-09-15,104910.86558053854,40732.81090411384,450.11943416043647,23976.746175297187,11,0.6117388730069732
DEF-00273,HIST-000273,Equipment Lease,2023-07-14,999262.8768375792,686262.0228102941,21083.587114601956,439418.9215312449,9,0.31323174440128876
DEF-00274,HIST-000274,Equipment Lease,2026-03-19,795804.5811996097,424297.65463591117,5755.754317679586,207161.2665056111,28,0.466831852115858
DEF-00275,HIST-000275,Credit Card,2023-07-20,288978.07755806885,62260.18310345969,3103.7931231097,0.0,10,0.7845504972917927
DEF-00276,HIST-000276,Commercial Real Estate,2025-12-15,741984.9341808717,520004.03135887306,20515.415262790404,249165.1388284656,25,0.2991717117101019
DEF-00277,HIST-000277,Commercial Term Loan,2025-07-27,430796.05520916916,148152.40523811433,7448.202672377063,43634.17752969319,13,0.6560961887959251
DEF-00278,HIST-000278,Commercial Real Estate,2024-08-20,2903075.7417308055,1885715.91338646,132415.47074968266,1435964.613910545,18,0.35044205485930535
DEF-00279,HIST-000279,Commercial Real Estate,2025-08-13,2896348.5851320284,1315312.4648516322,14951.900377024123,530421.8447305642,11,0.5458721814067575
DEF-00280,HIST-000280,Commercial Real Estate,2025-12-29,1700969.3913796342,1114102.782455664,50870.92566607479,691938.2481141122,24,0.3450189120969251
DEF-00281,HIST-000281,Revolving Credit Facility,2024-09-13,476835.9752404293,184942.2125122685,13397.26329399905,0.0,6,0.6121471069396194
DEF-00282,HIST-000282,Commercial Term Loan,2025-10-12,475550.25982887094,87562.9787634114,5680.013840091719,57350.287754286765,14,0.8158701904717256
DEF-00283,HIST-000283,Auto Loan,2025-12-07,40970.86339686755,18293.535031945397,1323.7376339225752,5444.588909860105,2,0.5534989132461378
DEF-00284,HIST-000284,Personal Loan,2024-03-31,116815.87702990067,65964.7926287288,737.9506889507547,0.0,18,0.4353097001373865
DEF-00285,HIST-000285,Credit Card,2025-11-14,130441.90691984896,47449.08372460497,2372.3078493906455,0.0,3,0.6362435597191903
DEF-00286,HIST-000286,Revolving Credit Facility,2024-12-22,4500547.224944364,2096892.0688217126,62471.17983996904,0.0,5,0.5340806430827677
DEF-00287,HIST-000287,Mortgage,2024-03-26,192032.74878279725,154265.41175391083,8557.84940594345,64357.23284072283,14,0.1966713348023986
DEF-00288,HIST-000288,Personal Loan,2025-09-02,26308.248013729943,1325.9741836013725,81.23093809728478,0.0,24,0.9495985371998408
DEF-00289,HIST-000289,Revolving Credit Facility,2024-05-28,1006351.23727747,423639.74987394165,22602.37464170376,0.0,10,0.5790339056768743
DEF-00290,HIST-000290,Equipment Lease,2024-06-01,264574.0855768675,134829.04284681025,2260.246333670279,50152.91154044723,2,0.4903921049076519
DEF-00291,HIST-000291,Personal Loan,2024-11-22,198365.74792110518,124670.85140347785,5439.107905426788,0.0,2,0.3715101890823287
DEF-00292,HIST-000292,Revolving Credit Facility,2023-06-07,1871584.6788108891,1289453.5718516896,22712.211695666774,0.0,21,0.3110364780978312
DEF-00293,HIST-000293,Revolving Credit Facility,2023-01-09,1402894.850249988,712138.6555592443,44667.282640763166,0.0,28,0.49237916481599087
DEF-00294,HIST-000294,Personal Loan,2026-03-21,153583.1789636112,74111.88078840192,1477.8363755705138,0.0,25,0.5174479308963815
DEF-00295,HIST-000295,Commercial Real Estate,2025-08-24,751903.5137518727,585377.2812466819,29163.047679550404,385490.0115450866,9,0.22147287445732605
DEF-00296,HIST-000296,Mortgage,2024-11-22,347175.1280308798,235831.0028088119,7297.47940008089,186147.8223051124,21,0.3207145795656315
DEF-00297,HIST-000297,Commercial Term Loan,2023-08-23,1058812.209320137,665094.4780791932,37490.54707531961,191138.80999827466,2,0.3718484994555833
DEF-00298,HIST-000298,Auto Loan,2023-12-16,97024.39758378406,47253.023300089284,2737.7126025842467,39721.42981166391,17,0.5129779264098537
DEF-00299,HIST-000299,Equipment Lease,2024-08-04,542872.8486275851,289911.30251202744,18768.110730464377,118181.2129920467,10,0.46596831422875457
DEF-00300,HIST-000300,Personal Loan,2024-02-05,69756.46579354336,25485.710908132594,1539.8749892740864,0.0,16,0.6346473317102664
DEF-00301,HIST-000301,Revolving Credit Facility,2023-06-17,5116474.10282245,2255401.223003356,153838.7524057682,0.0,19,0.5591883829219058
DEF-00302,HIST-000302,Auto Loan,2023-05-13,74310.68145761288,36077.90668734958,2026.5227863688608,20721.973135227345,8,0.5144990467093405
DEF-00303,HIST-000303,Auto Loan,2026-03-06,248592.13067757632,109677.3252766284,6193.441773077525,57348.15292824954,5,0.5588061256095039
DEF-00304,HIST-000304,Commercial Real Estate,2025-07-14,437554.79882846586,202937.43931435636,4865.927074120269,164548.85534437967,16,0.5362010887374276
DEF-00305,HIST-000305,Commercial Term Loan,2024-09-17,1855218.426023341,1113399.741012759,37971.35825070556,327828.5608674191,2,0.3998551731726111
DEF-00306,HIST-000306,Credit Card,2025-05-28,65520.71457264354,42188.31895153776,2449.5320537497346,0.0,26,0.3561071605108472
DEF-00307,HIST-000307,Revolving Credit Facility,2024-05-07,1015831.5430756574,408449.3090945785,15623.350171673288,0.0,25,0.5979162963793123
DEF-00308,HIST-000308,Auto Loan,2023-06-28,52219.537655573884,30471.639680659024,1477.7241504774447,24250.924467905388,21,0.4164705194894329
DEF-00309,HIST-000309,Equipment Lease,2024-07-03,1660485.8181095992,1171766.9191653535,76797.7130108628,942808.6057039475,24,0.2943228383008015
DEF-00310,HIST-000310,Revolving Credit Facility,2024-03-01,703124.4122066748,329529.33957215,10686.21718619109,0.0,5,0.531335658595667
DEF-00311,HIST-000311,Personal Loan,2024-07-01,33273.1921457314,20170.570832140114,282.1651298437188,0.0,2,0.3937891277820248
DEF-00312,HIST-000312,Revolving Credit Facility,2024-04-27,970744.8460235613,633358.6985122235,39534.61667276918,0.0,20,0.34755389008076065
DEF-00313,HIST-000313,Revolving Credit Facility,2024-12-11,55669.35951607704,9415.96677510255,645.0597499246346,0.0,16,0.8308590783699736
DEF-00314,HIST-000314,Commercial Term Loan,2025-12-31,1040504.5520021766,670618.1051355974,51601.5157615891,503639.8192941687,29,0.35548758163030647
DEF-00315,HIST-000315,Personal Loan,2024-01-13,48078.294383537585,6776.959060219561,76.89538559361283,0.0,22,0.8590432720812149
DEF-00316,HIST-000316,Mortgage,2024-10-27,178017.76355409375,81994.73520149273,5283.989626317472,37477.227200286856,6,0.5394013857691385
DEF-00317,HIST-000317,Equipment Lease,2025-05-27,535209.4042517977,316242.40338401037,19173.50394180809,92662.89290274728,25,0.4091239786301865
DEF-00318,HIST-000318,Auto Loan,2023-09-04,59837.73731052548,51892.06615757948,1904.2890546600227,20439.892530044297,11,0.13278695869986304
DEF-00319,HIST-000319,Mortgage,2023-08-25,69227.80360344885,24416.37333864577,1255.6257701105226,10463.063105516461,14,0.6473039433908983
DEF-00320,HIST-000320,Revolving Credit Facility,2023-07-14,2492389.154647804,1307815.9391559463,95205.66474086982,0.0,9,0.4752761876221725
DEF-00321,HIST-000321,Credit Card,2024-01-12,85822.5201821123,31586.31123984335,1568.448882442538,0.0,27,0.6319577755020671
DEF-00322,HIST-000322,Equipment Lease,2023-10-07,1353946.6608754161,859060.9570479636,54398.81438962497,605731.7751294536,13,0.3655134416502612
DEF-00323,HIST-000323,Personal Loan,2023-11-14,106211.2346975904,75557.80638728445,5865.916939411492,0.0,5,0.2886081533425709
DEF-00324,HIST-000324,Personal Loan,2023-09-18,309340.68086656166,146722.9362978092,3287.394863496205,0.0,21,0.5256914289876404
DEF-00325,HIST-000325,Auto Loan,2024-05-22,186776.93047944983,157177.87235341905,12438.312278277821,101786.78353160612,12,0.15847277310988597
DEF-00326,HIST-000326,Equipment Lease,2025-04-11,490215.52497657796,222703.37613860963,7302.148703711452,70755.77279817445,29,0.5457031350664584
DEF-00327,HIST-000327,Commercial Real Estate,2026-03-29,991037.5362808132,429085.09654966305,24132.305202426007,254761.6843218712,12,0.5670344655562263
DEF-00328,HIST-000328,Credit Card,2025-06-20,170265.7157241624,58212.31346005433,1786.5444162415183,0.0,17,0.6581090138289454
DEF-00329,HIST-000329,Equipment Lease,2024-11-18,666354.9277219226,459859.27273624996,6813.460407750783,312013.36124202906,16,0.309888388897524
DEF-00330,HIST-000330,Revolving Credit Facility,2023-03-12,822936.6472733568,258490.70762705378,4879.707340520161,0.0,19,0.6858923363256293
DEF-00331,HIST-000331,Commercial Real Estate,2023-08-27,373302.3460379547,93749.09041339176,2678.5257845574265,28524.675633113486,24,0.7488655203793977
DEF-00332,HIST-000332,Commercial Term Loan,2025-12-24,1651734.1630127903,270329.15997751855,3670.091941293255,213019.6401214031,14,0.8363361574574242
DEF-00333,HIST-000333,Personal Loan,2023-03-09,40084.08503539244,28833.428071981132,385.5372091954914,0.0,21,0.2806764069449878
DEF-00334,HIST-000334,Equipment Lease,2024-08-12,2519500.118426026,600741.5175796113,30345.985282310467,477160.5233633296,18,0.761563211215523
DEF-00335,HIST-000335,Commercial Term Loan,2023-12-27,1320067.990707654,625287.0798704935,47999.39936113689,370570.32398938516,25,0.5263220650208378
DEF-00336,HIST-000336,Auto Loan,2023-10-19,27965.491221869772,19284.449401939895,1319.616831451497,13206.913177829927,13,0.3104197866955781
DEF-00337,HIST-000337,Commercial Term Loan,2025-01-14,1156289.9601928508,608688.1104317884,9259.818706964932,417828.58593685424,7,0.4735852326087231
DEF-00338,HIST-000338,Commercial Term Loan,2025-06-28,375663.82445402135,236067.97987338257,11558.71959921069,135876.87878737377,18,0.3715977836927025
DEF-00339,HIST-000339,Revolving Credit Facility,2024-02-19,296697.8734236061,148400.16601597393,10712.379860595862,0.0,14,0.4998273351150794
DEF-00340,HIST-000340,Personal Loan,2025-09-10,50284.41801254926,10496.47122064811,260.75747698485105,0.0,27,0.7912579754223554
DEF-00341,HIST-000341,Personal Loan,2023-05-19,113552.88358851521,63015.19390280159,1367.7253193055876,0.0,14,0.44505862016545944
DEF-00342,HIST-000342,Credit Card,2023-04-07,81549.06876263114,49005.688296914544,510.7109258730273,0.0,29,0.3990650164312999
DEF-00343,HIST-000343,Auto Loan,2025-02-28,60281.846984988384,37859.03626082433,1127.5463697063224,21643.094194010286,7,0.3719662194449329
DEF-00344,HIST-000344,Commercial Term Loan,2023-12-23,593360.714756914,301149.1933700729,23267.77792039063,166975.28519242804,9,0.4924686015092073
DEF-00345,HIST-000345,Equipment Lease,2024-05-15,222765.47240722252,100413.87893844872,4931.105785319778,43624.30275193307,28,0.5492394855748162
DEF-00346,HIST-000346,Equipment Lease,2025-08-08,12299374.906734105,10724622.80521974,711955.3950671526,6298145.032740539,20,0.12803513296046973
DEF-00347,HIST-000347,Personal Loan,2024-07-16,140178.76760827823,65404.18625260494,4091.073802374971,0.0,2,0.5334230185603194
DEF-00348,HIST-000348,Auto Loan,2025-06-12,67756.80218156456,38898.210848002935,2637.6641037391455,10286.87988337357,6,0.42591430534502916
DEF-00349,HIST-000349,Revolving Credit Facility,2025-04-29,1828181.426591186,684525.7707413185,28329.802231631744,0.0,9,0.6255701098453449
DEF-00350,HIST-000350,Equipment Lease,2025-11-23,1048112.7037464157,772597.0356622445,20456.05637624661,376147.0551567234,5,0.26286836052969975
DEF-00351,HIST-000351,Credit Card,2026-03-09,107102.66479166393,38824.373027882044,2636.8346475602457,0.0,3,0.637503202152783
DEF-00352,HIST-000352,Equipment Lease,2024-06-09,1166914.9955534204,886893.2580565085,41359.147836954966,289253.57481148804,4,0.23996755424683613
DEF-00353,HIST-000353,Mortgage,2025-04-21,248017.17997032515,98068.42552125703,5782.842812345442,39009.233685386855,4,0.6045901919657712
DEF-00354,HIST-000354,Credit Card,2024-03-31,190097.81741845226,137822.37189413796,1782.2789586414517,0.0,6,0.27499234990816923
DEF-00355,HIST-000355,Personal Loan,2025-06-06,45586.676452205815,23279.37925996164,1808.2729869972231,0.0,28,0.48933809016833446
DEF-00356,HIST-000356,Commercial Real Estate,2024-05-29,922607.9665724831,475261.5627085588,16817.43857076803,127344.20735062195,9,0.48487160318572786
DEF-00357,HIST-000357,Credit Card,2023-05-29,276853.88400048215,44415.46535675586,2092.7393189913305,0.0,27,0.8395707341541991
DEF-00358,HIST-000358,Revolving Credit Facility,2023-11-07,261390.73967605847,174167.75794501943,4064.4255865005757,0.0,2,0.33368810937653903
DEF-00359,HIST-000359,Personal Loan,2023-09-18,97367.75180620902,43522.65559784231,2626.9158183901104,0.0,26,0.5530074917980501
DEF-00360,HIST-000360,Revolving Credit Facility,2023-11-30,141623.6026226337,46830.52991412339,1964.4091843237402,0.0,10,0.6693310363039788
DEF-00361,HIST-000361,Commercial Term Loan,2024-01-18,443084.80877305893,367754.76820161793,5337.971902034771,138793.67155369057,7,0.17001269075334932
DEF-00362,HIST-000362,Mortgage,2024-05-08,222951.5688000847,136960.66641663213,8069.043869284176,83692.92485267598,15,0.3856931926797005
DEF-00363,HIST-000363,Commercial Real Estate,2023-09-03,1132376.0937803257,361885.96470502653,19794.033522790938,289269.4561764424,14,0.6804189291060482
DEF-00364,HIST-000364,Equipment Lease,2023-02-03,383281.3563382369,85631.19805146569,6196.752549655325,25708.288852963346,22,0.7765839724906991
DEF-00365,HIST-000365,Personal Loan,2023-06-19,92057.68854340678,41349.67954151382,2529.031202575698,0.0,23,0.5508286141464791
DEF-00366,HIST-000366,Mortgage,2023-07-08,172651.6226625536,51820.99247120849,3409.4528949606542,31608.104118304644,17,0.6998522708790739
DEF-00367,HIST-000367,Revolving Credit Facility,2026-03-02,116418.11661277617,8698.76193409336,111.31484729934598,0.0,9,0.9252799977599129
DEF-00368,HIST-000368,Commercial Real Estate,2024-07-05,800095.1857700995,302844.95202439907,17579.770825108884,246420.19914118896,12,0.6214888460640995
DEF-00369,HIST-000369,Commercial Real Estate,2025-08-14,939589.4833659725,307430.2943955921,21578.765358076424,155265.5355659539,25,0.6728036021707501
DEF-00370,HIST-000370,Auto Loan,2025-04-14,111019.27821042955,67414.8682477844,3481.50361572414,35866.33245369783,26,0.39276430783486027
DEF-00371,HIST-000371,Equipment Lease,2023-05-14,351630.9053285689,222602.61154984185,9228.84982052403,114202.94768360307,7,0.36694241553699947
DEF-00372,HIST-000372,Auto Loan,2025-03-10,25188.135065114195,21826.70296721518,371.66436302641966,7198.881869556475,19,0.13345299638934485
DEF-00373,HIST-000373,Equipment Lease,2023-12-01,1280464.5616474352,963500.8929978046,49661.88664117889,788464.0998594747,26,0.24753802498198604
DEF-00374,HIST-000374,Revolving Credit Facility,2025-06-30,1733452.6569058178,728251.6861382924,30299.535755994442,0.0,26,0.5798837174831133
DEF-00375,HIST-000375,Equipment Lease,2023-09-16,1141070.8464985532,807625.1156749994,27946.852081590983,476347.06189664855,20,0.2922217598028664
DEF-00376,HIST-000376,Mortgage,2024-05-28,434425.9630289789,322065.567089376,10982.417678101983,204259.40652434604,17,0.258641070059866
DEF-00377,HIST-000377,Credit Card,2024-10-19,33357.583947316394,18591.311064444442,927.0137775911271,0.0,6,0.44266613871655697
DEF-00378,HIST-000378,Revolving Credit Facility,2023-02-12,866577.1102572834,266023.1477621971,18387.91911297262,0.0,20,0.6930184923956555
DEF-00379,HIST-000379,Revolving Credit Facility,2024-03-10,4135388.7354238406,2493742.6389595866,156720.51969020808,0.0,17,0.39697503705077913
DEF-00380,HIST-000380,Commercial Real Estate,2025-04-28,700154.0158945776,300225.4326841606,10686.984192500333,176030.11319730966,4,0.5712008702819957
DEF-00381,HIST-000381,Mortgage,2023-05-07,161250.953972711,131886.08446845913,8497.277379118095,45377.04611627143,21,0.18210664049293857
DEF-00382,HIST-000382,Credit Card,2023-02-22,10723.407152994136,4978.983676353047,64.3222693435987,0.0,23,0.5356901397740139
DEF-00383,HIST-000383,Personal Loan,2024-06-27,50702.43625252076,32591.639927654796,1506.952052852082,0.0,7,0.35719775347019056
DEF-00384,HIST-000384,Auto Loan,2024-05-29,148521.6339281987,87927.46212630306,2948.9901238739226,74174.65653392796,4,0.4079821248882118
DEF-00385,HIST-000385,Auto Loan,2025-02-11,129862.86374205833,81833.2210310985,2582.0390409347415,39435.148277936234,9,0.36984894162167314
DEF-00386,HIST-000386,Credit Card,2026-04-12,60343.27664991917,29541.299501538204,1196.2554074208842,0.0,14,0.510445883260173
DEF-00387,HIST-000387,Mortgage,2024-10-14,359243.9161448231,201073.23289822153,4578.808722235985,107187.93566561009,5,0.4402877157781504
DEF-00388,HIST-000388,Commercial Real Estate,2025-03-20,4164682.4266261356,1916090.0430942748,56720.14745456342,678856.1882129216,15,0.5399192911219104
DEF-00389,HIST-000389,Revolving Credit Facility,2023-01-02,909677.1395949834,377657.0218483428,24937.915139080167,0.0,18,0.5848449901505852
DEF-00390,HIST-000390,Commercial Term Loan,2023-04-10,1017465.5005433104,657556.9275073379,35548.21342923007,175760.73756777082,23,0.353730492919698
DEF-00391,HIST-000391,Personal Loan,2024-12-06,170280.1920280507,93428.19983015418,4916.355147282759,0.0,28,0.45132667095675155
DEF-00392,HIST-000392,Auto Loan,2026-03-14,43420.200377144036,23551.56425049554,910.035964319486,6812.572600094538,21,0.457589692218628
DEF-00393,HIST-000393,Equipment Lease,2025-08-25,1213469.4231452881,1004470.0370639852,45233.5382346838,509004.36212696973,26,0.17223292329820783
DEF-00394,HIST-000394,Auto Loan,2023-02-24,187014.81029511706,60518.041208142895,2115.9162004530967,44311.22327368391,13,0.676399740145484
DEF-00395,HIST-000395,Revolving Credit Facility,2024-02-01,1062945.689932132,248341.8193003952,9245.107393837137,0.0,17,0.7663645267555941
DEF-00396,HIST-000396,Credit Card,2024-11-28,77774.44578159867,9060.387673577896,427.55569777476944,0.0,10,0.8835043106701048
DEF-00397,HIST-000397,Credit Card,2023-01-08,459449.5620178943,74818.04875438902,2708.762606660684,0.0,21,0.8371572095405
DEF-00398,HIST-000398,Personal Loan,2026-02-10,64769.95974874391,38590.145557131,1802.9856011126994,0.0,28,0.4041968575118748
DEF-00399,HIST-000399,Equipment Lease,2023-04-23,1008447.8547990462,374677.7463267707,12049.061022579357,233828.267156788,29,0.6284609615224648
DEF-00400,HIST-000400,Auto Loan,2024-04-14,102641.61972742257,49376.85497623395,3719.0855881170073,18927.322030939336,9,0.518939246015795
DEF-00401,HIST-000401,Commercial Term Loan,2023-01-20,956027.9023138082,740304.020026061,12545.504217889864,502079.988301096,10,0.2256460107133334
DEF-00402,HIST-000402,Mortgage,2024-11-20,130291.24993563908,52122.95861131008,3893.122850474567,17410.40336425543,3,0.5999504292340611
DEF-00403,HIST-000403,Auto Loan,2024-01-27,181571.11014423985,116586.57887741749,8911.083236869197,43823.419537874965,20,0.35790127193251575
DEF-00404,HIST-000404,Equipment Lease,2024-10-30,975148.1621979257,398792.5298948432,5437.014847378753,318291.43511076097,17,0.5910441660516607
DEF-00405,HIST-000405,Commercial Real Estate,2024-10-22,792030.7352618707,323002.79276500986,14544.723223424411,181277.26801915094,17,0.5921840171288115
DEF-00406,HIST-000406,Mortgage,2024-10-17,128013.14655127085,75286.12282936429,5583.197685273903,61921.63374905164,11,0.41188756891300016
DEF-00407,HIST-000407,Revolving Credit Facility,2026-02-22,1394255.311214218,190678.92504906544,12689.641375430718,0.0,19,0.8632395921210381
DEF-00408,HIST-000408,Revolving Credit Facility,2023-05-16,370962.3843443964,192671.60751008915,8372.14313189676,0.0,20,0.4806168613278713
DEF-00409,HIST-000409,Credit Card,2023-05-03,233148.488235103,82299.18457850172,3221.058353436045,0.0,12,0.6470095723052143
DEF-00410,HIST-000410,Credit Card,2023-07-06,107689.99106509886,52364.77445286401,3131.9053475859564,0.0,19,0.5137452057061702
DEF-00411,HIST-000411,Equipment Lease,2024-02-23,75692.15893206855,71104.5332893065,4977.9099143640915,49785.493027517005,13,0.060608994478269416
DEF-00412,HIST-000412,Personal Loan,2025-06-08,155577.1403257034,94318.52210600564,1135.9454307396788,0.0,13,0.3937507662851482
DEF-00413,HIST-000413,Personal Loan,2024-12-25,122705.6085744485,38060.412741604356,2249.370674934577,0.0,19,0.6898233651763996
DEF-00414,HIST-000414,Equipment Lease,2026-01-26,466295.65938573406,184936.02466608805,3574.305872735108,50102.969981957795,17,0.6033932099867494
DEF-00415,HIST-000415,Equipment Lease,2025-02-06,1925543.918880834,1315636.692438117,21570.31519153836,788608.4780978839,22,0.31674542474066636
DEF-00416,HIST-000416,Mortgage,2024-02-20,98648.40645360744,61705.37072629862,3337.487744145559,37370.60370903055,27,0.3744919665243904
DEF-00417,HIST-000417,Personal Loan,2024-09-01,81441.96712726026,31653.22717897236,1429.3413691462113,0.0,17,0.6113400953403864
DEF-00418,HIST-000418,Commercial Real Estate,2024-03-26,735292.6374479635,538796.3824540686,33896.49186524658,381363.32228297053,12,0.2672354447555595
DEF-00419,HIST-000419,Auto Loan,2024-03-05,458999.5385417137,291171.76788112597,10924.57520158802,91416.0505248521,16,0.36563821217292053
DEF-00420,HIST-000420,Revolving Credit Facility,2024-12-11,927813.0584579457,491977.28436093713,11162.928017240029,0.0,20,0.469745246764883
DEF-00421,HIST-000421,Personal Loan,2023-08-02,143751.63196675648,87090.46116865857,1418.7217328987226,0.0,14,0.39416019159491134
DEF-00422,HIST-000422,Personal Loan,2023-10-16,35222.3456210648,14732.045829806086,509.9410465694358,0.0,29,0.5817414891018629
DEF-00423,HIST-000423,Equipment Lease,2023-06-30,1721998.5698639036,526433.5840484868,37096.16551100673,241595.09871898827,29,0.6942891862621623
DEF-00424,HIST-000424,Commercial Term Loan,2024-11-14,1305330.1440782608,1029817.8415274782,47650.78268451139,453406.7050681124,12,0.21106714175005237
DEF-00425,HIST-000425,Revolving Credit Facility,2025-06-19,742207.1139628659,243002.3427972139,12501.61101499669,0.0,5,0.6725949694826399
DEF-00426,HIST-000426,Personal Loan,2025-06-14,100968.53075513158,14870.1723471857,424.10709959713074,0.0,24,0.8527246832654347
DEF-00427,HIST-000427,Credit Card,2023-07-20,175879.92082487766,107146.3096099599,5449.396422825099,0.0,28,0.3907985112374215
DEF-00428,HIST-000428,Equipment Lease,2023-06-24,431981.61590469436,206242.73599505937,12088.717324387659,128028.87305659006,10,0.5225659416937745
DEF-00429,HIST-000429,Revolving Credit Facility,2023-12-23,1273575.4465194473,897237.341570017,45128.67087699698,0.0,24,0.2954972993378007
DEF-00430,HIST-000430,Credit Card,2026-03-02,117693.05176250887,57281.31014334059,2246.2719181401817,0.0,17,0.513299134608832
DEF-00431,HIST-000431,Revolving Credit Facility,2024-10-29,589490.0805021864,355748.5089947473,28452.26213737544,0.0,28,0.39651485112067497
DEF-00432,HIST-000432,Revolving Credit Facility,2025-05-07,8511768.091368599,3983057.527550098,250900.3314428338,0.0,25,0.5320528608399073
DEF-00433,HIST-000433,Commercial Real Estate,2024-10-09,587679.0383600431,483750.51322194637,25557.636726507877,146467.6675228176,20,0.1768457242036675
DEF-00434,HIST-000434,Revolving Credit Facility,2025-09-11,140500.5180070931,49190.52293894934,1683.221256106436,0.0,17,0.6498908072604688
DEF-00435,HIST-000435,Mortgage,2023-07-27,24771.7226897094,13440.64741816893,447.93541693166424,4354.154632544841,14,0.4574197528962164
DEF-00436,HIST-000436,Commercial Term Loan,2026-04-14,1316698.590916268,634109.971655349,37368.98490927865,260071.89675692908,28,0.5184091666612306
DEF-00437,HIST-000437,Personal Loan,2025-04-27,162459.20768838876,58069.07597024168,4572.238955853474,0.0,22,0.6425621126897076
DEF-00438,HIST-000438,Credit Card,2024-09-12,79329.104591147,5970.820584999039,195.82149678051368,0.0,17,0.9247335436877555
DEF-00439,HIST-000439,Equipment Lease,2024-08-13,252401.65828271475,56126.02018048755,4091.1773930146173,22008.317141017713,7,0.7776321258649542
DEF-00440,HIST-000440,Revolving Credit Facility,2025-07-06,3895340.3130695308,1492649.1339344792,111905.12283662343,0.0,19,0.6168116226132061
DEF-00441,HIST-000441,Commercial Term Loan,2024-08-31,379554.20751745306,318693.94028611394,20694.137036406646,84211.41950151588,6,0.16034670681009533
DEF-00442,HIST-000442,Auto Loan,2025-12-13,257346.98954500307,165209.60539021203,4714.808069540289,97716.94951433358,6,0.3580278297317276
DEF-00443,HIST-000443,Commercial Term Loan,2023-02-04,5295062.976630685,4097746.2889218666,107568.98590653393,1179382.2991946274,4,0.22611944239248427
DEF-00444,HIST-000444,Credit Card,2025-10-11,66815.80186677318,22945.971663454326,235.04608382074886,0.0,17,0.656578668183804
DEF-00445,HIST-000445,Commercial Term Loan,2025-10-24,1030551.7682798051,639744.9746322673,35986.82043298851,373926.66995481227,2,0.37922092385506434
DEF-00446,HIST-000446,Personal Loan,2023-07-07,243377.71693967746,140800.22869302798,9647.84378073659,0.0,7,0.42147444530459577
DEF-00447,HIST-000447,Personal Loan,2023-12-20,80883.53701703346,22441.104653056977,802.6906200680828,0.0,18,0.7225504041900264
DEF-00448,HIST-000448,Mortgage,2024-02-13,64205.511242115215,3427.122276511883,99.48155688993745,2106.4188376547872,21,0.9466226152520084
DEF-00449,HIST-000449,Revolving Credit Facility,2024-11-18,889577.4223101189,17791.548446202392,676.802883834181,0.0,12,0.98
DEF-00450,HIST-000450,Revolving Credit Facility,2025-02-15,1215319.5473008556,490313.4273007258,32035.51084439237,0.0,7,0.5965559606198391
DEF-00451,HIST-000451,Mortgage,2025-02-20,56825.8291288828,20621.946452100034,452.89212234260737,7977.3511360383245,27,0.6371025857743527
DEF-00452,HIST-000452,Auto Loan,2023-12-09,64106.08374225905,44692.45391954601,550.4500334739041,33783.385041667134,22,0.3028359976061909
DEF-00453,HIST-000453,Credit Card,2023-08-18,43024.5045886821,24576.08692078901,585.0872041245074,0.0,19,0.4287886134718232
DEF-00454,HIST-000454,Personal Loan,2024-06-12,115142.21727603403,53082.39523265111,2584.179001248084,0.0,13,0.5389840799626515
DEF-00455,HIST-000455,Auto Loan,2026-02-25,134585.71378995274,53108.37641757789,1661.4377936113583,19103.62534422283,6,0.6053936564139053
DEF-00456,HIST-000456,Personal Loan,2023-05-22,52591.581133252206,38641.588794680734,2599.9156797441487,0.0,27,0.26525143450671573
DEF-00457,HIST-000457,Revolving Credit Facility,2025-10-06,2507128.0772277145,1753722.081214931,100770.37848975492,0.0,26,0.3005055875908305
DEF-00458,HIST-000458,Auto Loan,2025-12-08,72800.02688444058,35207.93534649505,2122.7389166321645,13843.980505879133,11,0.5163746930700657
DEF-00459,HIST-000459,Auto Loan,2023-12-31,78735.2515373627,67631.8692740276,1520.3778457948831,23391.530078295982,8,0.14102174117099434
DEF-00460,HIST-000460,Commercial Term Loan,2023-08-22,392486.6717582198,307522.1502471874,11323.903110659294,226571.02406549564,26,0.21647746949066418
DEF-00461,HIST-000461,Commercial Term Loan,2023-10-26,376961.38777558814,358113.31838680874,20650.351363861177,285699.20662715414,29,0.05
DEF-00462,HIST-000462,Personal Loan,2024-07-26,84177.47453585676,61294.120461662074,882.9690279202819,0.0,27,0.2718465266435043
DEF-00463,HIST-000463,Equipment Lease,2026-01-25,1917036.76671814,1408863.1100932772,46049.28692232734,806232.0549649107,7,0.265082895355642
DEF-00464,HIST-000464,Mortgage,2023-10-31,24763.233290260934,13864.068101190802,785.2396065047633,9106.27195640453,3,0.4401349800050802
DEF-00465,HIST-000465,Revolving Credit Facility,2024-08-30,1230034.238498802,314007.92751688167,24713.972748981032,0.0,6,0.7447161081466209
DEF-00466,HIST-000466,Revolving Credit Facility,2025-08-24,4477581.555012351,2248325.143428585,51132.86789389031,0.0,16,0.4978706438274169
DEF-00467,HIST-000467,Auto Loan,2024-10-04,50570.74354122629,16602.04750878736,725.3391448050254,12691.668541112349,8,0.6717064779707453
DEF-00468,HIST-000468,Mortgage,2023-07-03,46205.62242910071,37531.391434138575,1322.9418632289846,31283.789363941258,27,0.1877310712191386
DEF-00469,HIST-000469,Personal Loan,2025-07-26,95850.39815873053,67469.89600653546,3853.453125661053,0.0,3,0.2960916459125843
DEF-00470,HIST-000470,Commercial Term Loan,2023-08-23,753343.4716758758,354467.78809343954,20207.488576109714,226847.29650056994,8,0.5294738702588128
DEF-00471,HIST-000471,Equipment Lease,2023-04-28,1721070.4452032626,795366.9823942495,17345.571155900412,432866.7294666512,2,0.5378649464285498
DEF-00472,HIST-000472,Mortgage,2024-04-23,42175.87674275147,36612.46922268388,2634.7798010590022,30675.458894799063,5,0.1319097064419351
DEF-00473,HIST-000473,Auto Loan,2023-10-02,287804.5224553156,229486.70620853902,8584.619803824315,165822.3108994724,28,0.2026299508751846
DEF-00474,HIST-000474,Auto Loan,2024-02-24,101822.81255885283,82099.68495824661,1298.7730202613564,60987.94796113089,29,0.19370047934205714
DEF-00475,HIST-000475,Revolving Credit Facility,2023-12-02,1847723.0070144846,992847.3240965235,70717.22177839372,0.0,14,0.46266441434815103
DEF-00476,HIST-000476,Auto Loan,2025-05-03,170852.76410910877,97682.40939679342,3910.9125055261825,49343.32561372469,7,0.4282655600794835
DEF-00477,HIST-000477,Mortgage,2025-12-04,183832.0110117858,55348.93890774766,3538.765791239686,15891.30355835964,29,0.6989156643442304
DEF-00478,HIST-000478,Commercial Real Estate,2026-03-07,1209641.840033049,773360.5686571992,35523.67369204332,583768.8553918857,22,0.36066979244362946
DEF-00479,HIST-000479,Personal Loan,2023-12-16,89272.29874265596,21304.477296250636,699.4571575940575,0.0,16,0.7613539967457905
DEF-00480,HIST-000480,Commercial Real Estate,2024-08-07,412695.27758559835,151857.420863119,11380.85049775906,98434.0426412943,4,0.6320349926184415
DEF-00481,HIST-000481,Personal Loan,2023-04-26,59928.396657532256,26184.112801786792,1305.831770292152,0.0,12,0.5630767004927743
DEF-00482,HIST-000482,Revolving Credit Facility,2025-03-18,794271.1298074634,137442.92593352858,3674.0281519117075,0.0,4,0.8269571676779368
DEF-00483,HIST-000483,Equipment Lease,2023-07-04,852502.4970156683,410242.33237290545,5526.093764764941,307213.1672538072,13,0.5187787322511906
DEF-00484,HIST-000484,Auto Loan,2023-03-16,89139.9249916204,74917.60937735112,2170.99968736954,46415.46326083768,24,0.15955045526015696
DEF-00485,HIST-000485,Equipment Lease,2026-02-04,1971866.6520666014,1359695.0995084045,101618.94217887596,1093745.1503202494,16,0.3104528148070331
DEF-00486,HIST-000486,Mortgage,2024-07-24,51824.83204187285,24558.66510923649,947.3352123433838,6953.586913127808,3,0.5261216652010786
DEF-00487,HIST-000487,Equipment Lease,2025-08-11,883794.2852558692,789425.8097213331,10207.912482029204,663760.8511568358,11,0.10677651701177866
DEF-00488,HIST-000488,Commercial Term Loan,2024-02-09,1163538.654230688,348320.0632283392,12583.490278493555,155105.68816190955,17,0.7006373084711633
DEF-00489,HIST-000489,Revolving Credit Facility,2026-02-15,778270.4989313382,338032.3272231416,20513.288197142905,0.0,25,0.5656621602806455
DEF-00490,HIST-000490,Personal Loan,2023-04-14,367688.65679417626,180163.2155278098,7010.916328098575,0.0,21,0.5100114942391027
DEF-00491,HIST-000491,Personal Loan,2024-02-02,38703.644193560605,22220.535846395178,1341.3165847227656,0.0,9,0.42588000925008085
DEF-00492,HIST-000492,Credit Card,2024-02-21,38494.05886200537,20463.229663077538,302.9676321881104,0.0,10,0.46840550806983683
DEF-00493,HIST-000493,Auto Loan,2025-06-28,218886.84637544813,108491.2670702762,7576.381880607199,56184.71526266057,28,0.5043499923965951
DEF-00494,HIST-000494,Credit Card,2023-03-07,128071.48369517608,40510.93087749902,2899.3206563303024,0.0,29,0.683685003806785
DEF-00495,HIST-000495,Personal Loan,2023-04-01,106952.195630437,21594.41715377232,235.6114931852053,0.0,23,0.7980928112182966
DEF-00496,HIST-000496,Equipment Lease,2023-10-10,1904199.3971346393,1540168.3174323991,64994.31363339528,402650.3759121191,24,0.19117277331881266
DEF-00497,HIST-000497,Credit Card,2024-11-12,89917.95890475193,17607.87154098988,218.3286231056772,0.0,27,0.8041784782988513
DEF-00498,HIST-000498,Commercial Real Estate,2023-12-29,1125613.2222757868,698616.8359420492,8420.609503968399,177053.8443327028,25,0.3793455672725912
DEF-00499,HIST-000499,Auto Loan,2024-06-24,106670.35120173033,91016.34455231804,4331.249135239831,39621.153991768806,29,0.146751243181042
DEF-00500,HIST-000500,Equipment Lease,2023-10-31,418774.7659753329,262607.78504402714,19384.89818777996,220055.95287872344,4,0.3729140187508443
DEF-00501,HIST-000501,Commercial Real Estate,2025-09-27,807972.8268981064,453622.77905339026,4894.768633979886,144338.584947525,19,0.4385667884464675
DEF-00502,HIST-000502,Equipment Lease,2024-01-13,846084.5810095418,262539.7677148733,10423.314659652737,130232.75369584232,25,0.6897003283033325
DEF-00503,HIST-000503,Auto Loan,2024-02-14,125638.93186842528,65537.48225295475,5159.222137665666,43314.80960571898,19,0.47836644837454895
DEF-00504,HIST-000504,Equipment Lease,2025-07-07,2983824.7540486725,1570539.4874138257,86848.53438894234,402032.749461593,17,0.47364888461267635
DEF-00505,HIST-000505,Credit Card,2023-11-19,27765.608587135695,3736.598848494907,178.4810619965587,0.0,29,0.865423484712446
DEF-00506,HIST-000506,Mortgage,2024-08-26,43635.40859042363,20988.256248927704,1372.4968149886847,10844.617147505665,20,0.5190086004251635
DEF-00507,HIST-000507,Credit Card,2023-12-14,69222.97831743347,45237.88377543136,874.0313119654055,0.0,27,0.3464903580428811
DEF-00508,HIST-000508,Auto Loan,2023-05-11,126490.69351783513,82770.70000670076,4464.155720303053,56515.89403982077,9,0.3456380251798514
DEF-00509,HIST-000509,Commercial Term Loan,2024-11-06,1034622.1152690364,380044.6021664153,19771.07229620934,138960.10992413838,13,0.632673034378749
DEF-00510,HIST-000510,Credit Card,2025-09-23,63509.78303399747,41190.422901146325,1945.208546064433,0.0,21,0.3514318435146181
DEF-00511,HIST-000511,Auto Loan,2024-08-10,92072.67805922554,73758.12019923449,5191.109997782944,43538.65371246347,15,0.19891414310997066
DEF-00512,HIST-000512,Commercial Term Loan,2024-01-26,1560483.3691119857,986055.8160884966,26624.7695599819,318997.38832211756,4,0.36810873117499154
DEF-00513,HIST-000513,Credit Card,2023-12-28,87539.00391194741,22040.240171652793,888.7753537269493,0.0,8,0.7482237724132395
DEF-00514,HIST-000514,Auto Loan,2023-06-03,63007.61803260012,27492.6216021671,878.7858855194228,15161.351753688876,24,0.5636619434186129
DEF-00515,HIST-000515,Auto Loan,2026-02-17,134962.32916773303,59117.91259670663,3837.219569316478,14910.441891865086,26,0.5619673062752638
DEF-00516,HIST-000516,Commercial Real Estate,2024-02-20,1379010.5723507744,739415.4892377359,54936.06132230295,285143.6926365802,15,0.4638072368239587
DEF-00517,HIST-000517,Commercial Term Loan,2025-11-22,470436.07218761154,264761.29790889483,8088.444558116634,111972.96732157783,20,0.43720026256127076
DEF-00518,HIST-000518,Revolving Credit Facility,2023-04-02,715021.6400931263,364661.27792235586,15427.67025832558,0.0,3,0.48999966228314235
DEF-00519,HIST-000519,Commercial Real Estate,2023-10-14,293747.6371055639,190562.9204083804,11728.956880295264,116392.92969160578,3,0.35126994625016195
DEF-00520,HIST-000520,Commercial Real Estate,2023-04-26,167928.94102815923,117789.11540830984,3994.7347440026465,83644.16025748296,9,0.2985776323775046
DEF-00521,HIST-000521,Revolving Credit Facility,2024-10-08,692617.1836235509,247712.12222429397,14891.215937674604,0.0,24,0.642353484606975
DEF-00522,HIST-000522,Commercial Real Estate,2023-11-30,571400.6557900329,387666.0882288326,22076.56819614189,128732.83033299874,5,0.32155120176956103
DEF-00523,HIST-000523,Equipment Lease,2023-10-12,295095.8603056438,78232.5867969844,1626.5765910520893,31322.338151921052,18,0.734890937758478
DEF-00524,HIST-000524,Revolving Credit Facility,2023-09-06,1522906.4866151179,952461.3711539787,39334.168238887716,0.0,18,0.37457658790923976
DEF-00525,HIST-000525,Equipment Lease,2025-01-17,641966.1387793563,421389.7316075013,13497.13669259273,167665.35906693857,14,0.3435950805618224
DEF-00526,HIST-000526,Mortgage,2024-03-10,63737.317403156936,14828.309509827946,652.6189807011557,5641.94676868193,17,0.7673527830480438
DEF-00527,HIST-000527,Personal Loan,2026-03-01,46171.282126332466,20714.194015935733,962.4313992718489,0.0,18,0.5513619492034425
DEF-00528,HIST-000528,Equipment Lease,2024-04-07,305298.4524409368,170727.12509159112,12211.863092739735,143289.72716279014,16,0.4407861431114851
DEF-00529,HIST-000529,Auto Loan,2024-07-14,24048.98196979448,9828.100034296864,240.45226249455442,5891.603359752883,21,0.5913298930224591
DEF-00530,HIST-000530,Equipment Lease,2025-06-14,2055207.1043544018,1045725.6723362423,47131.612075572055,324633.8735394513,24,0.4911823386944091
DEF-00531,HIST-000531,Mortgage,2026-02-03,307651.6526674032,242208.81265053793,5410.421900112412,108003.26817312393,24,0.212717336147758
DEF-00532,HIST-000532,Personal Loan,2026-01-05,64058.28022989936,14017.106679098286,423.4739791088492,0.0,24,0.781181970093606
DEF-00533,HIST-000533,Commercial Real Estate,2023-06-25,418112.05676136486,170307.26416560824,13483.10793098149,106724.88203376674,27,0.5926755485484357
DEF-00534,HIST-000534,Auto Loan,2023-10-28,71042.9960497334,39129.46459671565,523.7415004640832,18218.416698458423,25,0.4492143241070069
DEF-00535,HIST-000535,Commercial Real Estate,2024-12-02,818319.8991610083,96474.69880079773,2123.196060946954,79212.29638790812,21,0.8821063756365823
DEF-00536,HIST-000536,Auto Loan,2023-03-26,128989.36323318492,85423.78336539923,6438.703798135426,56704.69390708351,29,0.3377455223887611
DEF-00537,HIST-000537,Credit Card,2024-08-12,45178.59027550181,21172.949178567156,594.3600148752172,0.0,13,0.531349937006595
DEF-00538,HIST-000538,Revolving Credit Facility,2024-11-11,2404701.0746882376,1624040.8501956062,126572.72548784054,0.0,9,0.32463919640982475
DEF-00539,HIST-000539,Equipment Lease,2025-04-29,846754.765932533,367817.5803448394,26526.346402052168,158795.44635422004,8,0.565614986601509
DEF-00540,HIST-000540,Credit Card,2024-09-29,134940.1476327447,66630.05126246857,2546.0695421104497,0.0,7,0.5062251492134868
DEF-00541,HIST-000541,Revolving Credit Facility,2023-10-05,649415.4266950191,212145.95036583013,5243.727886334522,0.0,21,0.6733278243088936
DEF-00542,HIST-000542,Commercial Real Estate,2026-04-06,373724.8040475812,211665.90694961275,11536.18412540994,111310.16915144051,18,0.4336316330701339
DEF-00543,HIST-000543,Auto Loan,2024-09-19,58486.208196510226,48779.384342326826,1698.2761372096766,20663.25917932564,10,0.16596774100261463
DEF-00544,HIST-000544,Commercial Real Estate,2023-05-20,236923.8250647427,182354.1986786677,6700.444226504114,131509.9247469727,9,0.23032561782743083
DEF-00545,HIST-000545,Commercial Real Estate,2024-12-28,690339.8950995823,531984.3205763492,26787.071864667247,283310.6014090957,11,0.22938783582888572
DEF-00546,HIST-000546,Equipment Lease,2024-01-15,2332208.7987803817,1823288.5395382184,29028.19140403727,1214019.9047832815,26,0.2182138492523915
DEF-00547,HIST-000547,Auto Loan,2023-06-26,180355.3500851191,126161.95148220393,7257.060608926174,101682.78800017032,22,0.3004812364997128
DEF-00548,HIST-000548,Auto Loan,2024-06-29,99254.15475094166,83753.63804843528,5050.506481133813,21036.912468114588,16,0.15616995320147348
DEF-00549,HIST-000549,Commercial Term Loan,2025-07-01,1359824.3962670935,675272.5373430619,25849.832819536467,356635.3143433823,20,0.5034119558401963
DEF-00550,HIST-000550,Personal Loan,2023-12-30,69128.18506350023,18656.89764204131,741.1082010219249,0.0,19,0.7301115655661532
